pool	pop_size	repeats	seq_len	stat	mean(correct)	stdv(correct)	correct%
balanced	50	3	200	cov	50.0	0.0	100.0
balanced	50	3	200	stdev	49.666666666666664	0.5773502691896258	99.33333333333331
imbalanced	50	3	200	cov	47.666666666666664	2.309401076758503	95.33333333333331
imbalanced	50	3	200	stdev	39.333333333333336	1.5275252316519465	78.66666666666667
balanced	50	3	1000	cov	49.666666666666664	0.5773502691896258	99.33333333333331
balanced	50	3	1000	stdev	49.666666666666664	0.5773502691896258	99.33333333333331
imbalanced	50	3	1000	cov	47.666666666666664	0.5773502691896258	95.33333333333331
imbalanced	50	3	1000	stdev	44.0	1.0	88.0
