pool	pop_size	repeats	seq_len	stat	mean(correct)	stdv(correct)	correct%
balanced	50	5	200	cov	49.8	0.4472135954999579	99.6
balanced	50	5	200	stdev	49.4	0.8944271909999159	98.8
imbalanced	50	5	200	cov	48.8	1.3038404810405297	97.6
imbalanced	50	5	200	stdev	38.6	2.302172886644268	77.2
balanced	50	5	1000	cov	50.0	0.0	100.0
balanced	50	5	1000	stdev	44.8	3.420526275297414	89.6
imbalanced	50	5	1000	cov	50.0	0.0	100.0
imbalanced	50	5	1000	stdev	49.4	0.8944271909999159	98.8
